<?xml version="1.0" encoding="UTF-8"?>
<people xmlns:xsi="http://www.w3.org/2001/XMLSchema-instance"
    xsi:noNamespaceSchemaLocation="../schemas/schema-2.xsd">

    <person iri="http://example.org/data/ryan-gosling">
        <type>http://example.org/vocabulary/Actor</type>
        <name>Ryan Gosling</name>
        <roles>
            <role>Actor</role>
        </roles>
        <birthYear>1980</birthYear>
        <phone>tel:+1-608-266-732</phone>
        <actsIn>
            <movie>http://example.org/data/blade-runner-2049</movie>
        </actsIn>
    </person>

    <person iri="http://example.org/data/emma-stone">
        <type>http://example.org/vocabulary/Actor</type>
        <name>Emma Stone</name>
        <roles>
            <role>Actor</role>
        </roles>
        <birthYear>1988</birthYear>
        <phone>tel:+1-793-264-092</phone>
        <actsIn>
            <movie>http://example.org/data/la-la-land</movie>
        </actsIn>
    </person>

    <person iri="http://example.org/data/harrison-ford">
        <type>http://example.org/vocabulary/Actor</type>
        <name>Harrison Ford</name>
        <roles>
            <role>Actor</role>
        </roles>
        <birthYear>1942</birthYear>
        <phone>tel:+1-608-111-808</phone>
        <actsIn>
            <movie>http://example.org/data/blade-runner-2049</movie>
        </actsIn>
    </person>

    <person iri="http://example.org/data/denis-villeneuve">
        <type>http://example.org/vocabulary/Director</type>
        <name>Denis Villeneuve</name>
        <roles>
            <role>Director</role>
        </roles>
        <birthYear>1967</birthYear>
        <phone>tel:+1-853-945-839</phone>
        <directed>
            <movie>http://example.org/data/blade-runner-2049</movie>
        </directed>
    </person>

    <person iri="http://example.org/data/nicolas-winding-refn">
        <type>http://example.org/vocabulary/Director</type>
        <name>Nicolas Winding Refn</name>
        <roles>
            <role>Director</role>
        </roles>
        <birthYear>1970</birthYear>
        <phone>tel:+1-324-266-793</phone>
        <directed>
            <movie>http://example.org/data/drive</movie>
        </directed>
    </person>

    <person iri="http://example.org/data/damien-chazelle">
        <type>http://example.org/vocabulary/Director</type>
        <name>Damien Chazelle</name>
        <roles>
            <role>Director</role>
        </roles>
        <birthYear>1985</birthYear>
        <phone>tel:+1-063-853-354</phone>
        <directed>
            <movie>http://example.org/data/la-la-land</movie>
        </directed>
    </person>

</people>